{"cameraMode":{"drawMode":0,"name":"Shaded","section":"Shading Mode"},"sceneLighting":true,"audioPlay":false,"sceneViewState":{"showFog":true,"showMaterialUpdate":false,"showSkybox":true,"showFlares":true,"showImageEffects":true,"showParticleSystems":true},"in2DMode":false,"pivot":{"x":-6.587971210479736,"y":20.1029109954834,"z":-15.54432487487793},"rotation":{"x":-0.257572740316391,"y":-0.07470005005598068,"z":0.019976768642663957,"w":-0.96315997838974},"size":22.392087936401368,"orthographic":false}