{"cameraMode":{"drawMode":0,"name":"Shaded","section":"Shading Mode"},"sceneLighting":true,"audioPlay":false,"sceneViewState":{"showFog":true,"showMaterialUpdate":false,"showSkybox":true,"showFlares":true,"showImageEffects":true,"showParticleSystems":true},"in2DMode":false,"pivot":{"x":21.35398292541504,"y":-17.017589569091798,"z":38.45558547973633},"rotation":{"x":-0.33252835273742678,"y":-0.24174541234970094,"z":0.08860326558351517,"w":-0.9072670936584473},"size":45.056148529052737,"orthographic":false}