{"cameraMode":{"drawMode":0,"name":"Shaded","section":"Shading Mode"},"sceneLighting":true,"audioPlay":false,"sceneViewState":{"showFog":true,"showMaterialUpdate":false,"showSkybox":true,"showFlares":true,"showImageEffects":true,"showParticleSystems":true},"in2DMode":false,"pivot":{"x":13.432519912719727,"y":-3.116058349609375,"z":11.582064628601075},"rotation":{"x":-0.35018351674079897,"y":-0.13643719255924226,"z":0.051637373864650729,"w":-0.9252513647079468},"size":31.90018081665039,"orthographic":false}