{"cameraMode":{"drawMode":0,"name":"Shaded","section":"Shading Mode"},"sceneLighting":true,"audioPlay":false,"sceneViewState":{"showFog":true,"showMaterialUpdate":false,"showSkybox":true,"showFlares":true,"showImageEffects":true,"showParticleSystems":true},"in2DMode":false,"pivot":{"x":17.158756256103517,"y":-3.104489326477051,"z":13.996630668640137},"rotation":{"x":-0.3092755973339081,"y":-0.6253537535667419,"z":0.29655489325523379,"w":-0.6521782875061035},"size":20.755460739135743,"orthographic":false}