{"cameraMode":{"drawMode":0,"name":"Shaded","section":"Shading Mode"},"sceneLighting":true,"audioPlay":false,"sceneViewState":{"showFog":true,"showMaterialUpdate":false,"showSkybox":true,"showFlares":true,"showImageEffects":true,"showParticleSystems":true},"in2DMode":false,"pivot":{"x":21.825407028198243,"y":5.808933258056641,"z":10.472338676452637},"rotation":{"x":-0.257572740316391,"y":-0.07470005005598068,"z":0.019976768642663957,"w":-0.96315997838974},"size":20.819509506225587,"orthographic":false}