{"cameraMode":{"drawMode":0,"name":"Shaded","section":"Shading Mode"},"sceneLighting":true,"audioPlay":false,"sceneViewState":{"showFog":true,"showMaterialUpdate":false,"showSkybox":true,"showFlares":true,"showImageEffects":true,"showParticleSystems":true},"in2DMode":false,"pivot":{"x":16.094545364379884,"y":-0.07228851318359375,"z":13.973553657531739},"rotation":{"x":-0.2685147821903229,"y":-0.1956719607114792,"z":0.05580269172787666,"w":-0.9415404796600342},"size":35.44438934326172,"orthographic":false}