{"cameraMode":{"drawMode":0,"name":"Shaded","section":"Shading Mode"},"sceneLighting":false,"audioPlay":false,"sceneViewState":{"showFog":true,"showMaterialUpdate":false,"showSkybox":false,"showFlares":true,"showImageEffects":true,"showParticleSystems":true},"in2DMode":false,"pivot":{"x":6.890484809875488,"y":0.3275569677352905,"z":9.834220886230469},"rotation":{"x":-0.2685147821903229,"y":-0.1956719607114792,"z":0.05580269172787666,"w":-0.9415404796600342},"size":3.014441728591919,"orthographic":false}