{"cameraMode":{"drawMode":0,"name":"Shaded","section":"Shading Mode"},"sceneLighting":false,"audioPlay":false,"sceneViewState":{"showFog":true,"showMaterialUpdate":false,"showSkybox":false,"showFlares":true,"showImageEffects":true,"showParticleSystems":true},"in2DMode":false,"pivot":{"x":6.05765962600708,"y":0.34517258405685427,"z":1.8233273029327393},"rotation":{"x":-0.3491380512714386,"y":-0.13602986931800843,"z":0.051483213901519778,"w":-0.925714910030365},"size":4.145899295806885,"orthographic":false}