{"cameraMode":{"drawMode":0,"name":"Shaded","section":"Shading Mode"},"sceneLighting":true,"audioPlay":false,"sceneViewState":{"showFog":true,"showMaterialUpdate":false,"showSkybox":true,"showFlares":true,"showImageEffects":true,"showParticleSystems":true},"in2DMode":false,"pivot":{"x":26.21930694580078,"y":-20.468761444091798,"z":38.046207427978519},"rotation":{"x":-0.26175758242607119,"y":-0.12924103438854218,"z":0.03539440780878067,"w":-0.9557861089706421},"size":55.72696304321289,"orthographic":false}