{"cameraMode":{"drawMode":0,"name":"Shaded","section":"Shading Mode"},"sceneLighting":true,"audioPlay":false,"sceneViewState":{"showFog":true,"showMaterialUpdate":false,"showSkybox":true,"showFlares":true,"showImageEffects":true,"showParticleSystems":true},"in2DMode":false,"pivot":{"x":8.043031692504883,"y":10.572701454162598,"z":4.483651161193848},"rotation":{"x":-0.3491380512714386,"y":-0.13602986931800843,"z":0.051483213901519778,"w":-0.925714910030365},"size":19.709171295166017,"orthographic":false}