{"cameraMode":{"drawMode":0,"name":"Shaded","section":"Shading Mode"},"sceneLighting":true,"audioPlay":false,"sceneViewState":{"showFog":true,"showMaterialUpdate":false,"showSkybox":true,"showFlares":true,"showImageEffects":true,"showParticleSystems":true},"in2DMode":false,"pivot":{"x":0.32129836082458498,"y":2.0299487113952638,"z":1.4035100936889649},"rotation":{"x":-0.1593685895204544,"y":-0.27669039368629458,"z":0.04658796638250351,"w":-0.9465060830116272},"size":45.35392379760742,"orthographic":false}