{"cameraMode":{"drawMode":0,"name":"Shaded","section":"Shading Mode"},"sceneLighting":true,"audioPlay":false,"sceneViewState":{"showFog":true,"showMaterialUpdate":false,"showSkybox":true,"showFlares":true,"showImageEffects":true,"showParticleSystems":true},"in2DMode":false,"pivot":{"x":4.2781572341918949,"y":-0.9015340805053711,"z":3.631598472595215},"rotation":{"x":-0.29229944944381716,"y":0.11355062574148178,"z":-0.034977901726961139,"w":-0.9489172101020813},"size":27.97623634338379,"orthographic":false}