{"cameraMode":{"drawMode":0,"name":"Shaded","section":"Shading Mode"},"sceneLighting":true,"audioPlay":false,"sceneViewState":{"showFog":true,"showMaterialUpdate":false,"showSkybox":true,"showFlares":true,"showImageEffects":true,"showParticleSystems":true},"in2DMode":false,"pivot":{"x":6.521097183227539,"y":-18.574810028076173,"z":44.262969970703128},"rotation":{"x":-0.2753468155860901,"y":0.048135384917259219,"z":-0.01380565669387579,"w":-0.9600399136543274},"size":62.678409576416019,"orthographic":false}